{"CNNBaselineNoBatch": [{"train_losses": [0.3095101103807489, 0.13143809119328148, 0.09546999725335766, 0.08023978342257795, 0.07084316556851956, 0.06596740427693086, 0.06099881989814873, 0.0566602494013274, 0.052642908302091417, 0.052897501119323787, 0.049348028565180446, 0.04603035790468788, 0.04638988435534494, 0.044979786343451233, 0.041480171752517066], "val_losses": [0.1464037992941436, 0.10118908146696706, 0.09160862794967108, 0.08014535423248045, 0.07357733674667856, 0.06883315918266132, 0.06770365430863313, 0.07389853381982414, 0.06642366705402251, 0.071509302383469, 0.06479610068102677, 0.06272281490025981, 0.07480684066972425, 0.0589507365479104, 0.06731944168687508], "params": {"model": "CNNBaselineNoBatch", "learning_rate": 0.001, "weight_decay": 0}, "train_performance_metrics": {"1": {"map": 0.08248443901538849, "map_50": 0.3326861560344696, "map_75": 0.011165793985128403, "map_small": 0.08248443901538849, "map_medium": -1.0, "map_large": -1.0, "mar_1": 0.1643221378326416, "mar_10": 0.18078646063804626, "mar_100": 0.18078646063804626, "mar_small": 0.18078646063804626, "mar_medium": -1.0, "mar_large": -1.0, "map_per_class": -1.0, "mar_100_per_class": -1.0, "classes": [0, 1], "obj_acc": 0.9539438593879854, "class_acc": 0.9929067663027614, "avg_iou": 0.5062737520193591}, "5": {"map": 0.28686419129371643, "map_50": 0.7603702545166016, "map_75": 0.1279466152191162, "map_small": 0.28686419129371643, "map_medium": -1.0, "map_large": -1.0, "mar_1": 0.36967289447784424, "mar_10": 0.41017910838127136, "mar_100": 0.41017910838127136, "mar_small": 0.41017910838127136, "mar_medium": -1.0, "mar_large": -1.0, "map_per_class": -1.0, "mar_100_per_class": -1.0, "classes": [0, 1], "obj_acc": 0.9791240278346296, "class_acc": 0.999153482398272, "avg_iou": 0.6631528553163005}, "10": {"map": 0.3450712263584137, "map_50": 0.8282425403594971, "map_75": 0.19808974862098694, "map_small": 0.3450712263584137, "map_medium": -1.0, "map_large": -1.0, "mar_1": 0.4154703915119171, "mar_10": 0.4621582329273224, "mar_100": 0.4621582329273224, "mar_small": 0.4621582329273224, "mar_medium": -1.0, "mar_large": -1.0, "map_per_class": -1.0, "mar_100_per_class": -1.0, "classes": [0, 1], "obj_acc": 0.9833103858891824, "class_acc": 0.9996205265923288, "avg_iou": 0.6942683008820445}, "15": {"map": 0.30988505482673645, "map_50": 0.7998149991035461, "map_75": 0.1430126279592514, "map_small": 0.30988505482673645, "map_medium": -1.0, "map_large": -1.0, "mar_1": 0.3880029022693634, "mar_10": 0.42901116609573364, "mar_100": 0.42901116609573364, "mar_small": 0.42901116609573364, "mar_medium": -1.0, "mar_large": -1.0, "map_per_class": -1.0, "mar_100_per_class": -1.0, "classes": [0, 1], "obj_acc": 0.9878130465523016, "class_acc": 0.9999708097378714, "avg_iou": 0.676911090289968}}, "val_performance_metrics": {"1": {"map": 0.08136142045259476, "map_50": 0.32865428924560547, "map_75": 0.010319847613573074, "map_small": 0.08136142045259476, "map_medium": -1.0, "map_large": -1.0, "mar_1": 0.1625908464193344, "mar_10": 0.17873187363147736, "mar_100": 0.17873187363147736, "mar_small": 0.17873187363147736, "mar_medium": -1.0, "mar_large": -1.0, "map_per_class": -1.0, "mar_100_per_class": -1.0, "classes": [0, 1], "obj_acc": 0.9562408718121559, "class_acc": 0.9925033467202142, "avg_iou": 0.4996456893817647}, "5": {"map": 0.29530152678489685, "map_50": 0.773844301700592, "map_75": 0.13844025135040283, "map_small": 0.29530152678489685, "map_medium": -1.0, "map_large": -1.0, "mar_1": 0.376137912273407, "mar_10": 0.41288718581199646, "mar_100": 0.41288718581199646, "mar_small": 0.41288718581199646, "mar_medium": -1.0, "mar_large": -1.0, "map_per_class": -1.0, "mar_100_per_class": -1.0, "classes": [0, 1], "obj_acc": 0.9771935737557578, "class_acc": 0.9962516733601071, "avg_iou": 0.6639132152416388}, "10": {"map": 0.34847334027290344, "map_50": 0.8351631164550781, "map_75": 0.20695753395557404, "map_small": 0.34847334027290344, "map_medium": -1.0, "map_large": -1.0, "mar_1": 0.4137139618396759, "mar_10": 0.46103158593177795, "mar_100": 0.46103158593177795, "mar_small": 0.46103158593177795, "mar_medium": -1.0, "mar_large": -1.0, "map_per_class": -1.0, "mar_100_per_class": -1.0, "classes": [0, 1], "obj_acc": 0.9787664307381193, "class_acc": 0.9967871485943776, "avg_iou": 0.6943295079074742}, "15": {"map": 0.3146671652793884, "map_50": 0.8081498742103577, "map_75": 0.13377435505390167, "map_small": 0.3146671652793884, "map_medium": -1.0, "map_large": -1.0, "mar_1": 0.38707298040390015, "mar_10": 0.42741483449935913, "mar_100": 0.42741483449935913, "mar_small": 0.42741483449935913, "mar_medium": -1.0, "mar_large": -1.0, "map_per_class": -1.0, "mar_100_per_class": -1.0, "classes": [0, 1], "obj_acc": 0.9817997977755308, "class_acc": 0.9970548862115127, "avg_iou": 0.6776055325854178}}, "model_path": "models/object_detection/0c5ddcc3de.pt"}]}