{"CNNBaselineNoBatch": [{"train_losses": [1.7053020969153605, 0.8038684616068967, 0.5628284800258065, 0.45157909830635956, 0.3790755783441924, 0.3293024407911346, 0.2918673584505506, 0.25612511372170627, 0.22784132375916005, 0.20041949465052378, 0.1772491988832784, 0.16301311930319556, 0.1419647378168948, 0.1288522072795901, 0.11962235996155615], "val_losses": [0.987275755347837, 0.6808067478131556, 0.5497614216545353, 0.5095830365367557, 0.47198313067932635, 0.46510887081208435, 0.5107403817240167, 0.4911962834317327, 0.4726332031406354, 0.4953647345160517, 0.5325969456006652, 0.5358938154211079, 0.6342054122905945, 0.6351197365005523, 0.5842915349392499], "params": {"model": "CNNBaselineNoBatch", "learning_rate": 0.001, "weight_decay": 0.0001}, "train_performance_metrics": {"1": [0.42950979499467457, 0.9917171717171717, 0.6951666666666667], "5": [0.49431127993597296, 0.9975757575757576, 0.9133333333333333], "10": [0.5432902650992028, 0.9980976430976432, 0.9581666666666667], "15": [0.5446063833281376, 0.9991750841750842, 0.9757592592592592]}, "val_performance_metrics": {"1": [0.4258636451871492, 0.9892424242424243, 0.6823333333333333], "5": [0.4900109685296761, 0.9953030303030304, 0.8561666666666666], "10": [0.5414582120095778, 0.9968181818181818, 0.859], "15": [0.5378984800274877, 0.9956060606060606, 0.8626666666666667]}, "model_path": "models/9ce890fb6d.pt"}], "CNNBaselineWithBatch": [{"train_losses": [1.6688052159711502, 0.8845330528758454, 0.6155979882486418, 0.49242623215746867, 0.41459159613233393, 0.3620271376852201, 0.3247181659019725, 0.29429480742801567, 0.267560540970794, 0.24455147505300015, 0.22401552523677395, 0.20166111108282753, 0.18827828231799743, 0.1705162673055179, 0.15828645971338387], "val_losses": [1.1557122612920936, 0.8274296379607656, 0.5858430630630918, 0.49437464766456307, 0.45974184612289143, 0.47211181897903987, 0.4160816383678556, 0.420616944199023, 0.4150087480311808, 0.40490587807939826, 0.41426638927724624, 0.40234552169047694, 0.42908209349942095, 0.44762864674706965, 0.4103527473114827], "params": {"model": "CNNBaselineWithBatch", "learning_rate": 0.001, "weight_decay": 0.0001}, "train_performance_metrics": {"1": [0.41949193183200545, 0.9933501683501683, 0.6262407407407408], "5": [0.41775831878255676, 0.998030303030303, 0.9004074074074074], "10": [0.5031251038952622, 0.9987542087542087, 0.9392592592592592], "15": [0.5264822035594845, 0.9994612794612795, 0.9677407407407408]}, "val_performance_metrics": {"1": [0.4162773261501748, 0.9915151515151515, 0.615], "5": [0.41150459385529103, 0.9974242424242424, 0.8533333333333334], "10": [0.5006358144924551, 0.9974242424242424, 0.8788333333333334], "15": [0.5228338638101241, 0.9975757575757576, 0.887]}, "model_path": "models/d76f09765c.pt"}], "CNNWide": [{"train_losses": [1.5134172850259864, 0.6178644111738066, 0.3920015550339389, 0.2955348059137823, 0.23369400822203937, 0.18580002971464948, 0.1486950013370293, 0.1258936209321287, 0.1081330670870331, 0.09471995330039025, 0.08446260674028594, 0.08084682457115928, 0.07430017558297601, 0.07070593485585125, 0.06703520843465288], "val_losses": [0.9279260318636319, 0.4529549429814021, 0.4105460848569294, 0.3914422063867827, 0.33277401535947254, 0.3732598018899992, 0.32537210232618713, 0.3106264273820508, 0.32002232965882776, 0.32611016122003395, 0.36845862841152627, 0.34440951426356026, 0.3756520036621478, 0.34815682454826535, 0.3868322150403823], "params": {"model": "CNNWide", "learning_rate": 0.001, "weight_decay": 0.0001}, "train_performance_metrics": {"1": [0.2742107456976192, 0.9967508417508417, 0.7089444444444445], "5": [0.4542907379205752, 0.9996296296296296, 0.9418333333333333], "10": [0.49259404741528456, 0.9998653198653199, 0.9856481481481482], "15": [0.551046093769274, 0.99989898989899, 0.9843333333333333]}, "val_performance_metrics": {"1": [0.2716185055535922, 0.9965151515151515, 0.6998333333333333], "5": [0.4505860548040862, 0.9989393939393939, 0.8991666666666667], "10": [0.4868534116827948, 0.9989393939393939, 0.9096666666666666], "15": [0.5497807587190103, 0.9986363636363637, 0.9096666666666666]}, "model_path": "models/b10efb636b.pt"}], "CNNDeep": [{"train_losses": [1.2671803620212105, 0.5232499397580959, 0.3858703456409817, 0.32257628096011803, 0.27883240896616657, 0.24670782145443756, 0.22341081798859, 0.2003047844384008, 0.17834733301842878, 0.16260949416085074, 0.15247780135413957, 0.13616789664644857, 0.12604157111066353, 0.12091112389381199, 0.11192033732912765], "val_losses": [0.69425027511546, 0.456569764925086, 0.39868625415408093, 0.3560262249359762, 0.3204744691974011, 0.3543839389683256, 0.3208858610495277, 0.33903080104413813, 0.34836704793255685, 0.2941414949884593, 0.34415462229778804, 0.3104005141660643, 0.3414722634884326, 0.3386414273268575, 0.367272448413308], "params": {"model": "CNNDeep", "learning_rate": 0.001, "weight_decay": 0.0001}, "train_performance_metrics": {"1": [0.3952859808638885, 0.9937373737373737, 0.7978333333333333], "5": [0.4770041149442216, 0.9987542087542087, 0.9335185185185185], "10": [0.516936571163389, 0.9992424242424243, 0.9621851851851851], "15": [0.5199786853909673, 0.9995622895622895, 0.9680925925925926]}, "val_performance_metrics": {"1": [0.3943658166771092, 0.9918181818181818, 0.781], "5": [0.47611564996358113, 0.9974242424242424, 0.9011666666666667], "10": [0.517525973044428, 0.9983333333333333, 0.9106666666666666], "15": [0.5187555072931057, 0.9981818181818182, 0.9061666666666667]}, "model_path": "models/2028aa4384.pt"}], "CNNDenseNet": [{"train_losses": [1.8491253403161376, 1.1592378114331583, 0.8367736120665658, 0.6633163845275896, 0.5165560937972562, 0.42723600403894707, 0.3636078155194808, 0.3216206705981066, 0.2802720150700181, 0.24906946761121368, 0.2272629273306091, 0.21222907673380967, 0.1930243238645235, 0.17310891178821244, 0.1657751121999085], "val_losses": [1.7786138512662069, 0.7181591895467417, 0.5753089589773169, 0.43895129654286563, 0.47242992313731696, 0.35995639907421123, 0.323571870688367, 0.2871087270424418, 0.24389875629817806, 0.3102266335958876, 0.2693711878902814, 0.24489786750794465, 0.25203868703565735, 0.2497413044228502, 0.2204693257673711], "params": {"model": "CNNDenseNet", "learning_rate": 0.001, "weight_decay": 0.0001}, "train_performance_metrics": {"1": [0.21399270675472284, 0.9893771043771044, 0.4197037037037037], "5": [0.28751510450227535, 0.9981313131313131, 0.8732407407407408], "10": [0.44770339589641045, 0.9990572390572391, 0.9411296296296296], "15": [0.49232924330275757, 0.9995286195286195, 0.9772037037037037]}, "val_performance_metrics": {"1": [0.21430551428320413, 0.9889393939393939, 0.4165], "5": [0.28812135542428513, 0.9974242424242424, 0.8581666666666666], "10": [0.44424894517973446, 0.9977272727272727, 0.9103333333333333], "15": [0.4921856386437964, 0.9981818181818182, 0.9378333333333333]}, "model_path": "models/504dbe2bc6.pt"}]}